{"mean":{"confidence_interval":{"confidence_level":0.95,"lower_bound":0.04455005216402973,"upper_bound":0.06698048586128076},"point_estimate":0.055220453609617026,"standard_error":0.005647487882193486},"median":{"confidence_interval":{"confidence_level":0.95,"lower_bound":0.03893674161310612,"upper_bound":0.06678348760307062},"point_estimate":0.053437537512289524,"standard_error":0.00700636025396859}}