{"mean":{"confidence_interval":{"confidence_level":0.95,"lower_bound":0.010691095384676304,"upper_bound":0.024679081390096495},"point_estimate":0.01745678953183405,"standard_error":0.003563423820570809},"median":{"confidence_interval":{"confidence_level":0.95,"lower_bound":0.001461796263478643,"upper_bound":0.015008746965359804},"point_estimate":0.008211402606437046,"standard_error":0.003187016425942849}}