{"mean":{"confidence_interval":{"confidence_level":0.95,"lower_bound":-0.009892033304636505,"upper_bound":-0.0013104151927383456},"point_estimate":-0.005526747916946517,"standard_error":0.002188808985766332},"median":{"confidence_interval":{"confidence_level":0.95,"lower_bound":-0.0042811393194830405,"upper_bound":-0.000716069088719351},"point_estimate":-0.0027296913539164303,"standard_error":0.0009010984060715359}}