{"mean":{"confidence_interval":{"confidence_level":0.95,"lower_bound":5.3485973900544455,"upper_bound":5.398849186231906},"point_estimate":5.373327148454135,"standard_error":0.0128624467424555},"median":{"confidence_interval":{"confidence_level":0.95,"lower_bound":5.346440299258253,"upper_bound":5.377310379440466},"point_estimate":5.358354864758741,"standard_error":0.007160668442730305},"median_abs_dev":{"confidence_interval":{"confidence_level":0.95,"lower_bound":0.05668465475633598,"upper_bound":0.11038236551039338},"point_estimate":0.08507422813788633,"standard_error":0.014002037833336325},"slope":{"confidence_interval":{"confidence_level":0.95,"lower_bound":5.36815325696969,"upper_bound":5.409287584100031},"point_estimate":5.387959120333137,"standard_error":0.010471330086725978},"std_dev":{"confidence_interval":{"confidence_level":0.95,"lower_bound":0.10298813660438898,"upper_bound":0.15243383291323342},"point_estimate":0.12910849484854928,"standard_error":0.012640623678986584}}