{"mean":{"confidence_interval":{"confidence_level":0.95,"lower_bound":-0.039986580861110364,"upper_bound":-0.022378733440667802},"point_estimate":-0.03107514011478918,"standard_error":0.004492133774932472},"median":{"confidence_interval":{"confidence_level":0.95,"lower_bound":-0.03546050416086599,"upper_bound":-0.021438395555918976},"point_estimate":-0.02815817840075463,"standard_error":0.0037265421914985945}}