{"mean":{"confidence_interval":{"confidence_level":0.95,"lower_bound":0.009242044010931538,"upper_bound":0.014510175528657781},"point_estimate":0.011993201357525463,"standard_error":0.0013438414587377116},"median":{"confidence_interval":{"confidence_level":0.95,"lower_bound":0.008527196945126825,"upper_bound":0.011859015390419447},"point_estimate":0.010191433186959475,"standard_error":0.0008170361127446828}}