{"mean":{"confidence_interval":{"confidence_level":0.95,"lower_bound":-0.0012951561565808362,"upper_bound":0.005093947857044389},"point_estimate":0.0020367583629430364,"standard_error":0.0016310343164361045},"median":{"confidence_interval":{"confidence_level":0.95,"lower_bound":0.000497579893777184,"upper_bound":0.00520989749332057},"point_estimate":0.002554647944956967,"standard_error":0.00124792367276679}}