{"mean":{"confidence_interval":{"confidence_level":0.95,"lower_bound":0.021023426443749632,"upper_bound":0.04397259831247314},"point_estimate":0.03241434357605888,"standard_error":0.005777337615088049},"median":{"confidence_interval":{"confidence_level":0.95,"lower_bound":0.024466672343117724,"upper_bound":0.049342830569047536},"point_estimate":0.035614805879326195,"standard_error":0.006437054998367727}}