{"mean":{"confidence_interval":{"confidence_level":0.95,"lower_bound":0.03649683115495612,"upper_bound":0.05055522999792882},"point_estimate":0.04343090974595509,"standard_error":0.0036400880160980895},"median":{"confidence_interval":{"confidence_level":0.95,"lower_bound":0.024835894927444535,"upper_bound":0.03535760363645887},"point_estimate":0.028158170082076106,"standard_error":0.0025482260265540253}}