{"mean":{"confidence_interval":{"confidence_level":0.95,"lower_bound":-0.0011869655301955243,"upper_bound":0.0046667267858474465},"point_estimate":0.0016672235803802948,"standard_error":0.0014983075176831563},"median":{"confidence_interval":{"confidence_level":0.95,"lower_bound":-0.0005397497696453257,"upper_bound":0.003528260565774488},"point_estimate":0.0015093839950088839,"standard_error":0.0010409082849836405}}