{"mean":{"confidence_interval":{"confidence_level":0.95,"lower_bound":-0.02627569931528831,"upper_bound":-0.002363714948318951},"point_estimate":-0.01416080530678454,"standard_error":0.006099052275397587},"median":{"confidence_interval":{"confidence_level":0.95,"lower_bound":-0.019359958960584622,"upper_bound":0.000532183378392892},"point_estimate":-0.008535967189112315,"standard_error":0.005015996537130228}}