{"mean":{"confidence_interval":{"confidence_level":0.95,"lower_bound":1388937.4057094697,"upper_bound":1394667.639704742},"point_estimate":1392071.201363306,"standard_error":1466.6865714357514},"median":{"confidence_interval":{"confidence_level":0.95,"lower_bound":1392017.4065934066,"upper_bound":1395792.4807692308},"point_estimate":1393826.5467171716,"standard_error":1080.7214644181183},"median_abs_dev":{"confidence_interval":{"confidence_level":0.95,"lower_bound":5077.398993909686,"upper_bound":8402.256312510253},"point_estimate":6370.124987769761,"standard_error":857.1939640269031},"slope":{"confidence_interval":{"confidence_level":0.95,"lower_bound":1389592.5903597553,"upper_bound":1394285.6937247717},"point_estimate":1392019.8064991871,"standard_error":1195.583594181754},"std_dev":{"confidence_interval":{"confidence_level":0.95,"lower_bound":8543.699155333954,"upper_bound":21334.672227423034},"point_estimate":14694.097143856652,"standard_error":3691.262177377027}}