{"mean":{"confidence_interval":{"confidence_level":0.95,"lower_bound":0.05295336127180197,"upper_bound":0.07498032316838342},"point_estimate":0.06331356303049351,"standard_error":0.005655793132616403},"median":{"confidence_interval":{"confidence_level":0.95,"lower_bound":0.05712699798648058,"upper_bound":0.0768506857368052},"point_estimate":0.06658258920749849,"standard_error":0.00544404716195779}}