{"mean":{"confidence_interval":{"confidence_level":0.95,"lower_bound":-0.029286015393913543,"upper_bound":-0.01678901167982546},"point_estimate":-0.023125966740174975,"standard_error":0.003190884810267877},"median":{"confidence_interval":{"confidence_level":0.95,"lower_bound":-0.03354664906232452,"upper_bound":-0.011520323822049483},"point_estimate":-0.025265429349213275,"standard_error":0.00568250784233682}}