{"mean":{"confidence_interval":{"confidence_level":0.95,"lower_bound":68.29937873647414,"upper_bound":68.52112836978208},"point_estimate":68.41677509209264,"standard_error":0.05641973156815892},"median":{"confidence_interval":{"confidence_level":0.95,"lower_bound":68.3492976471393,"upper_bound":68.47901603674109},"point_estimate":68.40946582434367,"standard_error":0.02957594473621863},"median_abs_dev":{"confidence_interval":{"confidence_level":0.95,"lower_bound":0.21411814645813182,"upper_bound":0.3366312367829475},"point_estimate":0.2784976773273467,"standard_error":0.02862212635096619},"slope":{"confidence_interval":{"confidence_level":0.95,"lower_bound":68.26127132105347,"upper_bound":68.47347685522519},"point_estimate":68.36932428086112,"standard_error":0.05400173877772481},"std_dev":{"confidence_interval":{"confidence_level":0.95,"lower_bound":0.3699566644532424,"upper_bound":0.7857610288252501},"point_estimate":0.5651432555976086,"standard_error":0.11412321910142482}}