{"mean":{"confidence_interval":{"confidence_level":0.95,"lower_bound":-0.0027632118700673747,"upper_bound":0.0029382457467579766},"point_estimate":0.000187291975017434,"standard_error":0.0014293761593078358},"median":{"confidence_interval":{"confidence_level":0.95,"lower_bound":-0.002679362324430047,"upper_bound":0.001800942101344516},"point_estimate":-0.00042689891864122753,"standard_error":0.0011597745767277653}}