{"mean":{"confidence_interval":{"confidence_level":0.95,"lower_bound":-0.008139551073651498,"upper_bound":0.0013635032410853284},"point_estimate":-0.003574133901001253,"standard_error":0.0024308539460376603},"median":{"confidence_interval":{"confidence_level":0.95,"lower_bound":-0.0025424839170402613,"upper_bound":0.001826168942788975},"point_estimate":-0.0003077481323474629,"standard_error":0.001122810454406997}}