{"mean":{"confidence_interval":{"confidence_level":0.95,"lower_bound":0.013716375062400294,"upper_bound":0.027898138367073555},"point_estimate":0.020574462539506122,"standard_error":0.0035548713222101494},"median":{"confidence_interval":{"confidence_level":0.95,"lower_bound":0.003796139274375196,"upper_bound":0.015947994392190523},"point_estimate":0.008577379344390401,"standard_error":0.0035304403520573977}}