{"mean":{"confidence_interval":{"confidence_level":0.95,"lower_bound":-0.020611914953761336,"upper_bound":0.006185113158271385},"point_estimate":-0.00727625353695549,"standard_error":0.00677752919228497},"median":{"confidence_interval":{"confidence_level":0.95,"lower_bound":-0.015716820054673786,"upper_bound":0.015047192730835768},"point_estimate":-0.003979782539393573,"standard_error":0.007412014929098654}}