{"mean":{"confidence_interval":{"confidence_level":0.95,"lower_bound":0.017019906949048008,"upper_bound":0.040763899682534126},"point_estimate":0.0281870580100525,"standard_error":0.006157546455054801},"median":{"confidence_interval":{"confidence_level":0.95,"lower_bound":0.021381758431461062,"upper_bound":0.04730403538883832},"point_estimate":0.03357521315222978,"standard_error":0.00630013486014877}}