{"mean":{"confidence_interval":{"confidence_level":0.95,"lower_bound":-0.01977469395990001,"upper_bound":-0.0026117468796685262},"point_estimate":-0.010800408232008674,"standard_error":0.004375935920597605},"median":{"confidence_interval":{"confidence_level":0.95,"lower_bound":-0.0105398158805496,"upper_bound":-0.00012209844926314162},"point_estimate":-0.004087614648418003,"standard_error":0.0026303399232763666}}