{"mean":{"confidence_interval":{"confidence_level":0.95,"lower_bound":0.029213265014397628,"upper_bound":0.051021046381663604},"point_estimate":0.03994582756378562,"standard_error":0.0055446227078090075},"median":{"confidence_interval":{"confidence_level":0.95,"lower_bound":0.02052537919320163,"upper_bound":0.040654264936921924},"point_estimate":0.03100619487038947,"standard_error":0.005666193434252863}}