{"mean":{"confidence_interval":{"confidence_level":0.95,"lower_bound":-0.004806359660292003,"upper_bound":0.0013499557296368639},"point_estimate":-0.001729413328378282,"standard_error":0.0015858570822649529},"median":{"confidence_interval":{"confidence_level":0.95,"lower_bound":-0.003760183643410131,"upper_bound":0.0001243669138324071},"point_estimate":-0.0019256641849666467,"standard_error":0.0010389486214869106}}