{"mean":{"confidence_interval":{"confidence_level":0.95,"lower_bound":-0.01799851179873087,"upper_bound":-0.0069679404639834495},"point_estimate":-0.012281204095693665,"standard_error":0.0028082006340045874},"median":{"confidence_interval":{"confidence_level":0.95,"lower_bound":-0.004580894376375385,"upper_bound":0.0016974872879271796},"point_estimate":-0.0005284375272361919,"standard_error":0.0015986808369543215}}