{"mean":{"confidence_interval":{"confidence_level":0.95,"lower_bound":0.008779165210036074,"upper_bound":0.017998653549429738},"point_estimate":0.01336839736052009,"standard_error":0.0023500222123960606},"median":{"confidence_interval":{"confidence_level":0.95,"lower_bound":0.0031338828544718034,"upper_bound":0.015699483142830095},"point_estimate":0.00874873524349895,"standard_error":0.0032454790626566246}}